"","X[[i]]"
"cluster_1.1","A1BG"
"cluster_1.2","AAR2"
"cluster_1.3","ADAMTSL2"
"cluster_1.4","AFM"
"cluster_1.5","AHSG"
"cluster_1.6","AMBP"
"cluster_1.7","ANP32A"
"cluster_1.8","ANP32B"
"cluster_1.9","ANP32E"
"cluster_1.10","APEH"
"cluster_1.11","APLP1"
"cluster_1.12","ASPH"
"cluster_1.13","B3GNT2"
"cluster_1.14","BTF3"
"cluster_1.15","C1QBP"
"cluster_1.16","CA2"
"cluster_1.17","CADM1"
"cluster_1.18","CALU"
"cluster_1.19","CAPN2"
"cluster_1.20","CAPRIN1"
"cluster_1.21","CASC4"
"cluster_1.22","CD248"
"cluster_1.23","CDH6"
"cluster_1.24","CLEC3B"
"cluster_1.25","CLSTN1"
"cluster_1.26","COL11A1"
"cluster_1.27","COL1A1"
"cluster_1.28","COL1A2"
"cluster_1.29","COL5A2"
"cluster_1.30","CSF1"
"cluster_1.31","CTHRC1"
"cluster_1.32","DAG1"
"cluster_1.33","DPT"
"cluster_1.34","EFEMP1"
"cluster_1.35","EIF3D"
"cluster_1.36","EIF5"
"cluster_1.37","ENPP2"
"cluster_1.38","F13A1"
"cluster_1.39","F9"
"cluster_1.40","FBLN2"
"cluster_1.41","FLT4"
"cluster_1.42","FSTL1"
"cluster_1.43","G3BP1"
"cluster_1.44","G3BP2"
"cluster_1.45","GAS1"
"cluster_1.46","GNB2"
"cluster_1.47","GOLIM4"
"cluster_1.48","GP1BB"
"cluster_1.49","GP2"
"cluster_1.50","HABP2"
"cluster_1.51","HBB"
"cluster_1.52","HDAC1"
"cluster_1.53","HDGF"
"cluster_1.54","HMGB2"
"cluster_1.55","HRC"
"cluster_1.56","IGFBP2"
"cluster_1.57","IGKC"
"cluster_1.58","KIF1A"
"cluster_1.59","KPNA4"
"cluster_1.60","KRT2"
"cluster_1.61","LAMP2"
"cluster_1.62","LRRFIP1"
"cluster_1.63","LSAMP"
"cluster_1.64","LYZ"
"cluster_1.65","MFAP2"
"cluster_1.66","MIA3"
"cluster_1.67","MYLK"
"cluster_1.68","NACA"
"cluster_1.69","NASP"
"cluster_1.70","NGFR"
"cluster_1.71","NID2"
"cluster_1.72","NPTN"
"cluster_1.73","NRDC"
"cluster_1.74","NTM"
"cluster_1.75","NUCB2"
"cluster_1.76","PDGFRB"
"cluster_1.77","PLG"
"cluster_1.78","PLXDC1"
"cluster_1.79","PLXNB1"
"cluster_1.80","PRKCSH"
"cluster_1.81","PROS1"
"cluster_1.82","PTGES3"
"cluster_1.83","PTMA"
"cluster_1.84","RAN"
"cluster_1.85","RANGAP1"
"cluster_1.86","RBBP4"
"cluster_1.87","RCN2"
"cluster_1.88","RCN3"
"cluster_1.89","RNASE2"
"cluster_1.90","RNASE4"
"cluster_1.91","RPL10A"
"cluster_1.92","RPL19"
"cluster_1.93","RPL32"
"cluster_1.94","RPS14"
"cluster_1.95","RPS3A"
"cluster_1.96","RPS5"
"cluster_1.97","SF3B1"
"cluster_1.98","SLC7A1"
"cluster_1.99","SPARC"
"cluster_1.100","SPARCL1"
"cluster_1.101","SPOCK2"
"cluster_1.102","SPON1"
"cluster_1.103","SPP1"
"cluster_1.104","SRY"
"cluster_1.105","SUSD5"
"cluster_1.106","TERB1"
"cluster_1.107","TIMD4"
"cluster_1.108","TNFAIP6"
"cluster_1.109","TPM2"
"cluster_1.110","UBE2R2"
"cluster_1.111","VNN2"
"cluster_2.1","A2M"
"cluster_2.2","ACAN"
"cluster_2.3","ACAT2"
"cluster_2.4","ACTR1A"
"cluster_2.5","ACTR3"
"cluster_2.6","AEBP1"
"cluster_2.7","AFP"
"cluster_2.8","AHCY"
"cluster_2.9","AHNAK"
"cluster_2.10","AKR1B1"
"cluster_2.11","ALB"
"cluster_2.12","ANGPTL3"
"cluster_2.13","ANXA2"
"cluster_2.14","ANXA5"
"cluster_2.15","APLP2"
"cluster_2.16","APMAP"
"cluster_2.17","APOA1"
"cluster_2.18","APOA4"
"cluster_2.19","APOC3"
"cluster_2.20","APOE"
"cluster_2.21","APP"
"cluster_2.22","APRT"
"cluster_2.23","ATIC"
"cluster_2.24","B4GAT1"
"cluster_2.25","BHMT"
"cluster_2.26","BLVRB"
"cluster_2.27","C3"
"cluster_2.28","C5"
"cluster_2.29","C6"
"cluster_2.30","C7"
"cluster_2.31","C9"
"cluster_2.32","CACNA2D1"
"cluster_2.33","CAND1"
"cluster_2.34","CAPZA1"
"cluster_2.35","CAPZB"
"cluster_2.36","CAT"
"cluster_2.37","CBR1"
"cluster_2.38","CCT3"
"cluster_2.39","CCT4"
"cluster_2.40","CCT5"
"cluster_2.41","CCT8"
"cluster_2.42","CD109"
"cluster_2.43","CD93"
"cluster_2.44","CDC37"
"cluster_2.45","CDH5"
"cluster_2.46","CERS1"
"cluster_2.47","CFAP100"
"cluster_2.48","CHST12"
"cluster_2.49","CHST3"
"cluster_2.50","CKB"
"cluster_2.51","CLEC11A"
"cluster_2.52","CNTN1"
"cluster_2.53","CNTN4"
"cluster_2.54","COL12A1"
"cluster_2.55","COL14A1"
"cluster_2.56","COL15A1"
"cluster_2.57","COL18A1"
"cluster_2.58","COL2A1"
"cluster_2.59","COL3A1"
"cluster_2.60","COL5A1"
"cluster_2.61","COL6A1"
"cluster_2.62","COMP"
"cluster_2.63","COPG1"
"cluster_2.64","COTL1"
"cluster_2.65","CP"
"cluster_2.66","CPB2"
"cluster_2.67","CPN1"
"cluster_2.68","CSNK2A1"
"cluster_2.69","CTSC"
"cluster_2.70","CTSG"
"cluster_2.71","DCTN1"
"cluster_2.72","DKK3"
"cluster_2.73","DNAJB11"
"cluster_2.74","DPYSL2"
"cluster_2.75","DSC1"
"cluster_2.76","DSP"
"cluster_2.77","EFTUD2"
"cluster_2.78","EIF3A"
"cluster_2.79","EIF3B"
"cluster_2.80","EIF3I"
"cluster_2.81","EIF3M"
"cluster_2.82","EIF4A1"
"cluster_2.83","EIF4A2"
"cluster_2.84","EMILIN1"
"cluster_2.85","ENO1"
"cluster_2.86","ENO3"
"cluster_2.87","ERP44"
"cluster_2.88","EZR"
"cluster_2.89","F10"
"cluster_2.90","F5"
"cluster_2.91","FABP5"
"cluster_2.92","FAP"
"cluster_2.93","FBLN1"
"cluster_2.94","FGB"
"cluster_2.95","FGFR1"
"cluster_2.96","FLNA"
"cluster_2.97","FMOD"
"cluster_2.98","FN1"
"cluster_2.99","GBE1"
"cluster_2.100","GDI1"
"cluster_2.101","GGH"
"cluster_2.102","GLB1"
"cluster_2.103","GNB1"
"cluster_2.104","GOLM1"
"cluster_2.105","GPC1"
"cluster_2.106","GPX7"
"cluster_2.107","GSN"
"cluster_2.108","GSTA3"
"cluster_2.109","GSTM2"
"cluster_2.110","H3-2"
"cluster_2.111","HCLS1"
"cluster_2.112","HGD"
"cluster_2.113","HGFAC"
"cluster_2.114","HGS"
"cluster_2.115","HNRNPU"
"cluster_2.116","HPD"
"cluster_2.117","HSP90AA1"
"cluster_2.118","HSP90B1"
"cluster_2.119","HSPA13"
"cluster_2.120","HSPA4"
"cluster_2.121","HSPB1"
"cluster_2.122","HSPG2"
"cluster_2.123","IGF2R"
"cluster_2.124","IGFALS"
"cluster_2.125","IGFBP7"
"cluster_2.126","IL1RAP"
"cluster_2.127","ILF2"
"cluster_2.128","ILK"
"cluster_2.129","IPO5"
"cluster_2.130","IPO7"
"cluster_2.131","IPO9"
"cluster_2.132","ITGB5"
"cluster_2.133","ITIH1"
"cluster_2.134","ITIH2"
"cluster_2.135","ITIH4"
"cluster_2.136","KRT1"
"cluster_2.137","KRT10"
"cluster_2.138","KRT14"
"cluster_2.139","KRT17"
"cluster_2.140","KRT5"
"cluster_2.141","KRT9"
"cluster_2.142","LAMB1"
"cluster_2.143","LAMC1"
"cluster_2.144","LAPTM5"
"cluster_2.145","LCP1"
"cluster_2.146","LGALSL"
"cluster_2.147","LPL"
"cluster_2.148","LRP1"
"cluster_2.149","LTBP1"
"cluster_2.150","LTF"
"cluster_2.151","LUM"
"cluster_2.152","MACROH2A1"
"cluster_2.153","MAPKBP1"
"cluster_2.154","MAPRE2"
"cluster_2.155","MASP1"
"cluster_2.156","MAT2A"
"cluster_2.157","MSN"
"cluster_2.158","MTHFD1"
"cluster_2.159","MTPN"
"cluster_2.160","NAP1L1"
"cluster_2.161","NAPA"
"cluster_2.162","NCAM1"
"cluster_2.163","NCOA4"
"cluster_2.164","NEO1"
"cluster_2.165","NID1"
"cluster_2.166","NPM1"
"cluster_2.167","NRCAM"
"cluster_2.168","NRP1"
"cluster_2.169","NRP2"
"cluster_2.170","NRXN1"
"cluster_2.171","NUCB1"
"cluster_2.172","OGN"
"cluster_2.173","OLFML3"
"cluster_2.174","OMD"
"cluster_2.175","OSTF1"
"cluster_2.176","PARVB"
"cluster_2.177","PCBP1"
"cluster_2.178","PCDH12"
"cluster_2.179","PCDH18"
"cluster_2.180","PCDHGC3"
"cluster_2.181","PCOLCE"
"cluster_2.182","PDIA6"
"cluster_2.183","PEBP1"
"cluster_2.184","PGAM1"
"cluster_2.185","PGD"
"cluster_2.186","PGLYRP2"
"cluster_2.187","PGM1"
"cluster_2.188","PGM2"
"cluster_2.189","PKM"
"cluster_2.190","PLXDC2"
"cluster_2.191","PODXL2"
"cluster_2.192","POSTN"
"cluster_2.193","PPIE"
"cluster_2.194","PPM1A"
"cluster_2.195","PPP2R1A"
"cluster_2.196","PRG4"
"cluster_2.197","PRKAR1A"
"cluster_2.198","PSMB1"
"cluster_2.199","PSMD3"
"cluster_2.200","PSMD6"
"cluster_2.201","PSMD7"
"cluster_2.202","PTPA"
"cluster_2.203","PTPRG"
"cluster_2.204","PTPRS"
"cluster_2.205","PTPRZ1"
"cluster_2.206","PTX3"
"cluster_2.207","PYGL"
"cluster_2.208","PZP"
"cluster_2.209","QSOX1"
"cluster_2.210","RAB15"
"cluster_2.211","RAB35"
"cluster_2.212","RAC1"
"cluster_2.213","RACK1"
"cluster_2.214","RANBP1"
"cluster_2.215","RBP4"
"cluster_2.216","RPL12"
"cluster_2.217","RPL15"
"cluster_2.218","RPL18"
"cluster_2.219","RPL27"
"cluster_2.220","RPL5"
"cluster_2.221","RPLP0"
"cluster_2.222","RPLP1"
"cluster_2.223","RPLP2"
"cluster_2.224","RPS11"
"cluster_2.225","RPS13"
"cluster_2.226","RPS16"
"cluster_2.227","RPS2"
"cluster_2.228","RPS20"
"cluster_2.229","RPS6"
"cluster_2.230","RPS8"
"cluster_2.231","RPSA"
"cluster_2.232","RSU1"
"cluster_2.233","RTN4"
"cluster_2.234","SARS1"
"cluster_2.235","SDF4"
"cluster_2.236","SERPINA7"
"cluster_2.237","SERPINC1"
"cluster_2.238","SERPIND1"
"cluster_2.239","SERPINE2"
"cluster_2.240","SERPINF1"
"cluster_2.241","SERPING1"
"cluster_2.242","SET"
"cluster_2.243","SF3B3"
"cluster_2.244","SHBG"
"cluster_2.245","SLC9A3R1"
"cluster_2.246","SND1"
"cluster_2.247","SPP2"
"cluster_2.248","ST13"
"cluster_2.249","ST8SIA4"
"cluster_2.250","SYNCRIP"
"cluster_2.251","TALDO1"
"cluster_2.252","TBCA"
"cluster_2.253","TCP1"
"cluster_2.254","TFG"
"cluster_2.255","TGFBI"
"cluster_2.256","TGFBR3"
"cluster_2.257","THBS1"
"cluster_2.258","THBS2"
"cluster_2.259","THBS3"
"cluster_2.260","THBS4"
"cluster_2.261","TIE1"
"cluster_2.262","TLN1"
"cluster_2.263","TNC"
"cluster_2.264","TOP1"
"cluster_2.265","TPM1"
"cluster_2.266","TPM3"
"cluster_2.267","TPM4"
"cluster_2.268","TSPAN4"
"cluster_2.269","TTYH3"
"cluster_2.270","TUBA4A"
"cluster_2.271","TUBA4B"
"cluster_2.272","TUBB1"
"cluster_2.273","TUBB4A"
"cluster_2.274","TUBB4B"
"cluster_2.275","TUBB6"
"cluster_2.276","TXNDC5"
"cluster_2.277","UBA2"
"cluster_2.278","UBE2N"
"cluster_2.279","USO1"
"cluster_2.280","VASP"
"cluster_2.281","VCAM1"
"cluster_2.282","VCAN"
"cluster_2.283","VIM"
"cluster_2.284","VPS37B"
"cluster_2.285","VTN"
"cluster_2.286","WARS1"
"cluster_2.287","XPNPEP1"
"cluster_3.1","ABCC4"
"cluster_3.2","ABCE1"
"cluster_3.3","AC233755.2"
"cluster_3.4","ACP1"
"cluster_3.5","ACSL4"
"cluster_3.6","ACTN2"
"cluster_3.7","ACTR2"
"cluster_3.8","ADAM10"
"cluster_3.9","ADGRL2"
"cluster_3.10","ADH5"
"cluster_3.11","AGT"
"cluster_3.12","AGTRAP"
"cluster_3.13","AHSA1"
"cluster_3.14","AKR1A1"
"cluster_3.15","ALCAM"
"cluster_3.16","ALDH16A1"
"cluster_3.17","ANXA1"
"cluster_3.18","ANXA11"
"cluster_3.19","ANXA3"
"cluster_3.20","ANXA4"
"cluster_3.21","ANXA7"
"cluster_3.22","APCS"
"cluster_3.23","APEX1"
"cluster_3.24","APOH"
"cluster_3.25","APOL1"
"cluster_3.26","ARAP1"
"cluster_3.27","ARF4"
"cluster_3.28","ARF6"
"cluster_3.29","ARL8B"
"cluster_3.30","ARPC3"
"cluster_3.31","ARPC5"
"cluster_3.32","ARRB1"
"cluster_3.33","ARRDC1"
"cluster_3.34","ASS1"
"cluster_3.35","ATP6V1B2"
"cluster_3.36","ATP6V1G1"
"cluster_3.37","AZGP1"
"cluster_3.38","BANF1"
"cluster_3.39","BGN"
"cluster_3.40","BLMH"
"cluster_3.41","BROX"
"cluster_3.42","BST1"
"cluster_3.43","C1QB"
"cluster_3.44","C1S"
"cluster_3.45","C4BPA"
"cluster_3.46","C8G"
"cluster_3.47","CACYBP"
"cluster_3.48","CAPNS1"
"cluster_3.49","CBL"
"cluster_3.50","CCDC146"
"cluster_3.51","CD37"
"cluster_3.52","CD53"
"cluster_3.53","CD5L"
"cluster_3.54","CD63"
"cluster_3.55","CD9"
"cluster_3.56","CDC42"
"cluster_3.57","CDKN2A"
"cluster_3.58","CFH"
"cluster_3.59","CGAS"
"cluster_3.60","CHMP2A"
"cluster_3.61","CHMP3"
"cluster_3.62","CHMP4B"
"cluster_3.63","CHMP6"
"cluster_3.64","CIB1"
"cluster_3.65","CLDND1"
"cluster_3.66","CLIC4"
"cluster_3.67","CLU"
"cluster_3.68","CNP"
"cluster_3.69","COL10A1"
"cluster_3.70","COL6A2"
"cluster_3.71","COPA"
"cluster_3.72","CORO1A"
"cluster_3.73","CPM"
"cluster_3.74","CPN2"
"cluster_3.75","CPNE8"
"cluster_3.76","CRK"
"cluster_3.77","CRKL"
"cluster_3.78","DARS1"
"cluster_3.79","DCXR"
"cluster_3.80","DEF6"
"cluster_3.81","DLG1"
"cluster_3.82","DNAJA1"
"cluster_3.83","DPP3"
"cluster_3.84","DYNC1H1"
"cluster_3.85","DYNC1I2"
"cluster_3.86","EDF1"
"cluster_3.87","EFHD2"
"cluster_3.88","EFR3A"
"cluster_3.89","EHD2"
"cluster_3.90","EHD3"
"cluster_3.91","EHD4"
"cluster_3.92","EIF2S1"
"cluster_3.93","EIF3J"
"cluster_3.94","ENG"
"cluster_3.95","ENO2"
"cluster_3.96","EPB41"
"cluster_3.97","EPB41L2"
"cluster_3.98","EVI2B"
"cluster_3.99","EWSR1"
"cluster_3.100","F11"
"cluster_3.101","F11R"
"cluster_3.102","F12"
"cluster_3.103","FAH"
"cluster_3.104","FAM107B"
"cluster_3.105","FARSA"
"cluster_3.106","FAT1"
"cluster_3.107","FKBP1A"
"cluster_3.108","FLOT2"
"cluster_3.109","FREM2"
"cluster_3.110","GAB1"
"cluster_3.111","GABARAPL2"
"cluster_3.112","GLOD4"
"cluster_3.113","GNA13"
"cluster_3.114","GNAQ"
"cluster_3.115","GNAS"
"cluster_3.116","GNB4"
"cluster_3.117","GOT1"
"cluster_3.118","GPI"
"cluster_3.119","HAPLN1"
"cluster_3.120","HEG1"
"cluster_3.121","HEXA"
"cluster_3.122","HLA-A"
"cluster_3.123","HLA-B"
"cluster_3.124","HNRNPD"
"cluster_3.125","HP"
"cluster_3.126","HPX"
"cluster_3.127","HRG"
"cluster_3.128","HSPH1"
"cluster_3.129","IARS1"
"cluster_3.130","IFNGR1"
"cluster_3.131","IGKV3D-20"
"cluster_3.132","IGKV4-1"
"cluster_3.133","IGLV1-47"
"cluster_3.134","IGLV3-21"
"cluster_3.135","IGSF8"
"cluster_3.136","IMPA1"
"cluster_3.137","IMPDH2"
"cluster_3.138","INPPL1"
"cluster_3.139","IST1"
"cluster_3.140","ITGB3"
"cluster_3.141","ITGB7"
"cluster_3.142","KCNAB2"
"cluster_3.143","KNG1"
"cluster_3.144","KRAS"
"cluster_3.145","LAMP1"
"cluster_3.146","LAP3"
"cluster_3.147","LAT2"
"cluster_3.148","LCAT"
"cluster_3.149","LDHB"
"cluster_3.150","LGALS1"
"cluster_3.151","LMNA"
"cluster_3.152","LRG1"
"cluster_3.153","LYN"
"cluster_3.154","MAP2K1"
"cluster_3.155","MAP4K4"
"cluster_3.156","MAPK1"
"cluster_3.157","MAPRE1"
"cluster_3.158","MARCKS"
"cluster_3.159","MCEMP1"
"cluster_3.160","MFGE8"
"cluster_3.161","MITD1"
"cluster_3.162","MLC1"
"cluster_3.163","MPO"
"cluster_3.164","MPZL1"
"cluster_3.165","MVB12A"
"cluster_3.166","MVP"
"cluster_3.167","MYADM"
"cluster_3.168","MYO1G"
"cluster_3.169","NANS"
"cluster_3.170","NCSTN"
"cluster_3.171","NDNF"
"cluster_3.172","NME1"
"cluster_3.173","NOTCH1"
"cluster_3.174","NPEPPS"
"cluster_3.175","NRAS"
"cluster_3.176","NUDC"
"cluster_3.177","OIT3"
"cluster_3.178","ORM1"
"cluster_3.179","ORM2"
"cluster_3.180","OTUB1"
"cluster_3.181","P2RY2"
"cluster_3.182","PA2G4"
"cluster_3.183","PACSIN2"
"cluster_3.184","PAG1"
"cluster_3.185","PAK2"
"cluster_3.186","PCYOX1"
"cluster_3.187","PDCD10"
"cluster_3.188","PDCD6"
"cluster_3.189","PFKL"
"cluster_3.190","PHGDH"
"cluster_3.191","PIK3CA"
"cluster_3.192","PKP4"
"cluster_3.193","PLA2G7"
"cluster_3.194","PLEK"
"cluster_3.195","PLIN3"
"cluster_3.196","PLPBP"
"cluster_3.197","PLXNB2"
"cluster_3.198","PON1"
"cluster_3.199","PRDX5"
"cluster_3.200","PRKCD"
"cluster_3.201","PRPF40A"
"cluster_3.202","PSAT1"
"cluster_3.203","PSMA1"
"cluster_3.204","PSMA3"
"cluster_3.205","PSMA4"
"cluster_3.206","PSMA7"
"cluster_3.207","PSMB4"
"cluster_3.208","PSMB6"
"cluster_3.209","PSMC2"
"cluster_3.210","PSMC6"
"cluster_3.211","PSMD8"
"cluster_3.212","PTK7"
"cluster_3.213","PTPN11"
"cluster_3.214","PYCARD"
"cluster_3.215","RAB14"
"cluster_3.216","RAB21"
"cluster_3.217","RAB34"
"cluster_3.218","RAB5A"
"cluster_3.219","RAB8A"
"cluster_3.220","RAB8B"
"cluster_3.221","RAD23A"
"cluster_3.222","RAD23B"
"cluster_3.223","RALB"
"cluster_3.224","RBM25"
"cluster_3.225","RELN"
"cluster_3.226","RHOT2"
"cluster_3.227","RNPEP"
"cluster_3.228","RPL13"
"cluster_3.229","RPL14"
"cluster_3.230","S100A11"
"cluster_3.231","S100A4"
"cluster_3.232","SCAMP2"
"cluster_3.233","SCAMP4"
"cluster_3.234","SCARB1"
"cluster_3.235","SEPTIN11"
"cluster_3.236","SERPINA1"
"cluster_3.237","SERPINA3"
"cluster_3.238","SERPINA4"
"cluster_3.239","SH3BGRL"
"cluster_3.240","SH3BGRL3"
"cluster_3.241","SLC26A6"
"cluster_3.242","SLC29A1"
"cluster_3.243","SLC31A1"
"cluster_3.244","SLC38A2"
"cluster_3.245","SLC38A5"
"cluster_3.246","SLC39A10"
"cluster_3.247","SLC43A1"
"cluster_3.248","SLC7A5"
"cluster_3.249","SLC9A3R2"
"cluster_3.250","SNAP23"
"cluster_3.251","SNTB1"
"cluster_3.252","SOD1"
"cluster_3.253","SOS1"
"cluster_3.254","SPTBN1"
"cluster_3.255","SRM"
"cluster_3.256","STIP1"
"cluster_3.257","STMN1"
"cluster_3.258","STX4"
"cluster_3.259","STXBP2"
"cluster_3.260","STXBP3"
"cluster_3.261","SUB1"
"cluster_3.262","SVIP"
"cluster_3.263","SYK"
"cluster_3.264","SYNGR2"
"cluster_3.265","TF"
"cluster_3.266","TIMP2"
"cluster_3.267","TM9SF2"
"cluster_3.268","TMBIM1"
"cluster_3.269","TMC6"
"cluster_3.270","TRAP1"
"cluster_3.271","TSG101"
"cluster_3.272","TSPAN14"
"cluster_3.273","TTC7A"
"cluster_3.274","TTR"
"cluster_3.275","TXN"
"cluster_3.276","TYROBP"
"cluster_3.277","UBA1"
"cluster_3.278","UBE2K"
"cluster_3.279","UBE2V2"
"cluster_3.280","UGP2"
"cluster_3.281","USP14"
"cluster_3.282","UTRN"
"cluster_3.283","VAMP3"
"cluster_3.284","VPS25"
"cluster_3.285","VPS4B"
"cluster_3.286","VWF"
"cluster_3.287","WAS"
"cluster_3.288","XPO7"
"cluster_3.289","YARS1"
"cluster_3.290","YBX1"
"cluster_3.291","ZDHHC5"
"cluster_4.1","ABHD14B"
"cluster_4.2","ACHE"
"cluster_4.3","ACO1"
"cluster_4.4","ADH1C"
"cluster_4.5","ADSS2"
"cluster_4.6","AGRN"
"cluster_4.7","ALDH9A1"
"cluster_4.8","ANO6"
"cluster_4.9","AP1B1"
"cluster_4.10","AP2B1"
"cluster_4.11","ARHGAP1"
"cluster_4.12","ARHGAP35"
"cluster_4.13","ARL6IP5"
"cluster_4.14","ARPC5L"
"cluster_4.15","ARSG"
"cluster_4.16","ASL"
"cluster_4.17","ATP6V1E1"
"cluster_4.18","B3GAT3"
"cluster_4.19","BAG2"
"cluster_4.20","BUB3"
"cluster_4.21","CALD1"
"cluster_4.22","CAPZA2"
"cluster_4.23","CARM1"
"cluster_4.24","CBX3"
"cluster_4.25","CHIA"
"cluster_4.26","CLIP1"
"cluster_4.27","CNN2"
"cluster_4.28","COL6A3"
"cluster_4.29","COLEC10"
"cluster_4.30","CRYZ"
"cluster_4.31","CSTA"
"cluster_4.32","DBI"
"cluster_4.33","DCUN1D1"
"cluster_4.34","DDX3X"
"cluster_4.35","DHX15"
"cluster_4.36","DLAT"
"cluster_4.37","DLST"
"cluster_4.38","EEA1"
"cluster_4.39","EIF3L"
"cluster_4.40","EVA1B"
"cluster_4.41","EXT1"
"cluster_4.42","EXT2"
"cluster_4.43","FAT4"
"cluster_4.44","FBN2"
"cluster_4.45","FBP1"
"cluster_4.46","FH"
"cluster_4.47","FLNB"
"cluster_4.48","FLT1"
"cluster_4.49","FTL"
"cluster_4.50","GARS1"
"cluster_4.51","GLRX3"
"cluster_4.52","GMPS"
"cluster_4.53","GRN"
"cluster_4.54","GYG1"
"cluster_4.55","HAT1"
"cluster_4.56","HMCN1"
"cluster_4.57","HMCN2"
"cluster_4.58","HSPD1"
"cluster_4.59","IHH"
"cluster_4.60","IL4I1"
"cluster_4.61","IL6ST"
"cluster_4.62","KTN1"
"cluster_4.63","LAMA2"
"cluster_4.64","LAMB2"
"cluster_4.65","LAMTOR1"
"cluster_4.66","LAMTOR3"
"cluster_4.67","LGALS3BP"
"cluster_4.68","LIPG"
"cluster_4.69","LTA4H"
"cluster_4.70","MATN3"
"cluster_4.71","MMRN1"
"cluster_4.72","NAMPT"
"cluster_4.73","NDRG2"
"cluster_4.74","NMT1"
"cluster_4.75","NRBP1"
"cluster_4.76","P3H1"
"cluster_4.77","P4HA1"
"cluster_4.78","PDXK"
"cluster_4.79","PFDN2"
"cluster_4.80","PKHD1L1"
"cluster_4.81","PLOD1"
"cluster_4.82","PM20D1"
"cluster_4.83","PPA1"
"cluster_4.84","PRMT1"
"cluster_4.85","PSMD11"
"cluster_4.86","PSMD12"
"cluster_4.87","PSME3"
"cluster_4.88","PTPRM"
"cluster_4.89","PURA"
"cluster_4.90","PYGB"
"cluster_4.91","RAB5B"
"cluster_4.92","RARS1"
"cluster_4.93","RPL23A"
"cluster_4.94","RPS26"
"cluster_4.95","RPS7"
"cluster_4.96","SASH3"
"cluster_4.97","SELPLG"
"cluster_4.98","SEPTIN6"
"cluster_4.99","SLC20A2"
"cluster_4.100","SLC39A14"
"cluster_4.101","SLC44A2"
"cluster_4.102","SLITRK4"
"cluster_4.103","SNRNP200"
"cluster_4.104","SNRPD1"
"cluster_4.105","SNX2"
"cluster_4.106","SVEP1"
"cluster_4.107","TMED10"
"cluster_4.108","TNN"
"cluster_4.109","TOP2B"
"cluster_4.110","TPR"
"cluster_4.111","TYMP"
"cluster_4.112","U2AF2"
"cluster_4.113","UROD"
"cluster_4.114","UXS1"
"cluster_4.115","VPS35"
"cluster_4.116","XRCC5"
"cluster_4.117","XRCC6"
"cluster_5.1","ABI3BP"
"cluster_5.2","AOC3"
"cluster_5.3","ARL8A"
"cluster_5.4","ATP2B1"
"cluster_5.5","ATP8B4"
"cluster_5.6","CASP14"
"cluster_5.7","CD46"
"cluster_5.8","CD58"
"cluster_5.9","CD86"
"cluster_5.10","CDH13"
"cluster_5.11","CDK1"
"cluster_5.12","CHMP1B"
"cluster_5.13","CLDN10"
"cluster_5.14","CPNE3"
"cluster_5.15","CST3"
"cluster_5.16","DSG1"
"cluster_5.17","EIF2A"
"cluster_5.18","ENOPH1"
"cluster_5.19","ERLIN2"
"cluster_5.20","ESD"
"cluster_5.21","FCGR1A"
"cluster_5.22","FCN3"
"cluster_5.23","FGA"
"cluster_5.24","FGG"
"cluster_5.25","FLG2"
"cluster_5.26","FLVCR1"
"cluster_5.27","GLG1"
"cluster_5.28","GMFG"
"cluster_5.29","GPR183"
"cluster_5.30","HRNR"
"cluster_5.31","HSPA6"
"cluster_5.32","HVCN1"
"cluster_5.33","IL17RA"
"cluster_5.34","ITGA6"
"cluster_5.35","JUP"
"cluster_5.36","KIDINS220"
"cluster_5.37","KRT16"
"cluster_5.38","KRT35"
"cluster_5.39","KRT36"
"cluster_5.40","KRT6A"
"cluster_5.41","KRT6B"
"cluster_5.42","KRT75"
"cluster_5.43","KRT77"
"cluster_5.44","KRT78"
"cluster_5.45","KRT82"
"cluster_5.46","LIN7C"
"cluster_5.47","LTBP4"
"cluster_5.48","M6PR"
"cluster_5.49","MAP4K5"
"cluster_5.50","MARK2"
"cluster_5.51","MEMO1"
"cluster_5.52","MST1"
"cluster_5.53","NCF1"
"cluster_5.54","NIBAN2"
"cluster_5.55","NPC1"
"cluster_5.56","NUDT5"
"cluster_5.57","P2RY8"
"cluster_5.58","PDAP1"
"cluster_5.59","PDIA4"
"cluster_5.60","PEPD"
"cluster_5.61","PI4KA"
"cluster_5.62","PIK3AP1"
"cluster_5.63","PIP5K1A"
"cluster_5.64","PKP1"
"cluster_5.65","PLCB3"
"cluster_5.66","PLTP"
"cluster_5.67","PRDX4"
"cluster_5.68","PRICKLE3"
"cluster_5.69","RCSD1"
"cluster_5.70","RHEB"
"cluster_5.71","ROR2"
"cluster_5.72","RPL11"
"cluster_5.73","S100A6"
"cluster_5.74","SERBP1"
"cluster_5.75","SERINC5"
"cluster_5.76","SERPINB3"
"cluster_5.77","SFN"
"cluster_5.78","SH3RF3"
"cluster_5.79","SLC30A1"
"cluster_5.80","SLC43A3"
"cluster_5.81","TBC1D10B"
"cluster_5.82","TGFB1"
"cluster_5.83","TNIK"
"cluster_5.84","TTN"
"cluster_5.85","TTYH2"
"cluster_5.86","UBASH3B"
"cluster_5.87","VAMP8"
"cluster_5.88","YIPF6"
"cluster_6.1","AC004151.1"
"cluster_6.2","ADK"
"cluster_6.3","AIMP1"
"cluster_6.4","AKR7A2"
"cluster_6.5","ANTXR2"
"cluster_6.6","AP2A1"
"cluster_6.7","ARPC1B"
"cluster_6.8","ATL3"
"cluster_6.9","ATP2B4"
"cluster_6.10","AXL"
"cluster_6.11","CAD"
"cluster_6.12","CAPN7"
"cluster_6.13","CBLB"
"cluster_6.14","CD33"
"cluster_6.15","CD36"
"cluster_6.16","CD38"
"cluster_6.17","CD55"
"cluster_6.18","CD99L2"
"cluster_6.19","CEP55"
"cluster_6.20","CHMP5"
"cluster_6.21","CLTA"
"cluster_6.22","COPB1"
"cluster_6.23","CPNE1"
"cluster_6.24","CROCC"
"cluster_6.25","CSE1L"
"cluster_6.26","CSK"
"cluster_6.27","DBN1"
"cluster_6.28","DBNL"
"cluster_6.29","DCTN2"
"cluster_6.30","DDB1"
"cluster_6.31","DNAJA2"
"cluster_6.32","DNAJC5"
"cluster_6.33","DNM2"
"cluster_6.34","DOCK10"
"cluster_6.35","DOCK8"
"cluster_6.36","DOK3"
"cluster_6.37","EIF4A3"
"cluster_6.38","EPRS1"
"cluster_6.39","ERP29"
"cluster_6.40","ESYT1"
"cluster_6.41","ETF1"
"cluster_6.42","FAM234A"
"cluster_6.43","FCGR2A"
"cluster_6.44","FKBP4"
"cluster_6.45","FMNL1"
"cluster_6.46","FSCN1"
"cluster_6.47","G6PD"
"cluster_6.48","GAB2"
"cluster_6.49","GALK1"
"cluster_6.50","GART"
"cluster_6.51","GFPT1"
"cluster_6.52","GLO1"
"cluster_6.53","GMPPB"
"cluster_6.54","GNAI1"
"cluster_6.55","GPX3"
"cluster_6.56","GSS"
"cluster_6.57","GSTO1"
"cluster_6.58","HEBP2"
"cluster_6.59","HEXB"
"cluster_6.60","HNRNPA2B1"
"cluster_6.61","HNRNPA3"
"cluster_6.62","HPCAL1"
"cluster_6.63","HPRT1"
"cluster_6.64","HSH2D"
"cluster_6.65","ISYNA1"
"cluster_6.66","ITCH"
"cluster_6.67","ITGA2"
"cluster_6.68","ITGA7"
"cluster_6.69","KARS1"
"cluster_6.70","KIAA1549"
"cluster_6.71","KIF23"
"cluster_6.72","LACTB2"
"cluster_6.73","LAMA4"
"cluster_6.74","LASP1"
"cluster_6.75","LCP2"
"cluster_6.76","LDLR"
"cluster_6.77","LMAN1"
"cluster_6.78","LRRK1"
"cluster_6.79","MAN1A1"
"cluster_6.80","MAN2A2"
"cluster_6.81","ME1"
"cluster_6.82","MELTF"
"cluster_6.83","MICAL1"
"cluster_6.84","MINK1"
"cluster_6.85","MMP14"
"cluster_6.86","MPP1"
"cluster_6.87","MRC2"
"cluster_6.88","MTAP"
"cluster_6.89","MVB12B"
"cluster_6.90","MYDGF"
"cluster_6.91","MYL6"
"cluster_6.92","MYO1F"
"cluster_6.93","NARS1"
"cluster_6.94","NECTIN2"
"cluster_6.95","NIT2"
"cluster_6.96","NOTCH2"
"cluster_6.97","NT5E"
"cluster_6.98","NUMA1"
"cluster_6.99","PGLS"
"cluster_6.100","PIK3R1"
"cluster_6.101","PIP4K2A"
"cluster_6.102","PKN1"
"cluster_6.103","PLD3"
"cluster_6.104","PLSCR1"
"cluster_6.105","PPP1CA"
"cluster_6.106","PPP1R7"
"cluster_6.107","PPP6C"
"cluster_6.108","PRKAR2A"
"cluster_6.109","PRMT5"
"cluster_6.110","PSMC1"
"cluster_6.111","PSMD2"
"cluster_6.112","PSMD5"
"cluster_6.113","PTPRA"
"cluster_6.114","PTPRB"
"cluster_6.115","PTPRF"
"cluster_6.116","PTPRJ"
"cluster_6.117","PVR"
"cluster_6.118","RAB18"
"cluster_6.119","RAB27A"
"cluster_6.120","RAB32"
"cluster_6.121","RAB33B"
"cluster_6.122","RAB6A"
"cluster_6.123","RAP2A"
"cluster_6.124","RDX"
"cluster_6.125","RHOA"
"cluster_6.126","RNF130"
"cluster_6.127","RPL27A"
"cluster_6.128","RPL4"
"cluster_6.129","RPL6"
"cluster_6.130","RPS19"
"cluster_6.131","RPS28"
"cluster_6.132","RRM1"
"cluster_6.133","RUVBL2"
"cluster_6.134","SEC22B"
"cluster_6.135","SEPTIN9"
"cluster_6.136","SERINC1"
"cluster_6.137","SH3BP2"
"cluster_6.138","SLC19A1"
"cluster_6.139","SLC20A1"
"cluster_6.140","SLC2A5"
"cluster_6.141","SLC2A9"
"cluster_6.142","SLC4A7"
"cluster_6.143","SLC7A2"
"cluster_6.144","SNX5"
"cluster_6.145","SPRY2"
"cluster_6.146","SRGAP2"
"cluster_6.147","ST14"
"cluster_6.148","STAMBP"
"cluster_6.149","STK10"
"cluster_6.150","STUB1"
"cluster_6.151","STX12"
"cluster_6.152","SYPL1"
"cluster_6.153","TAOK1"
"cluster_6.154","TAOK3"
"cluster_6.155","TARS1"
"cluster_6.156","TGFBR1"
"cluster_6.157","TLR2"
"cluster_6.158","TM9SF3"
"cluster_6.159","TM9SF4"
"cluster_6.160","TMC8"
"cluster_6.161","TMSB4X"
"cluster_6.162","TNFAIP3"
"cluster_6.163","TNFAIP8"
"cluster_6.164","TOLLIP"
"cluster_6.165","TSN"
"cluster_6.166","UAP1"
"cluster_6.167","UFC1"
"cluster_6.168","UGDH"
"cluster_6.169","UNC13D"
"cluster_6.170","VAMP7"
"cluster_6.171","VAV1"
"cluster_6.172","VAV3"
"cluster_6.173","VPS37C"
"cluster_6.174","VTA1"
"cluster_6.175","WIPF1"
"cluster_6.176","YKT6"
"cluster_7.1","ACLY"
"cluster_7.2","ACTBL2"
"cluster_7.3","ACTN1"
"cluster_7.4","ADGRE5"
"cluster_7.5","AK2"
"cluster_7.6","ALDOC"
"cluster_7.7","ANPEP"
"cluster_7.8","ANXA6"
"cluster_7.9","APOB"
"cluster_7.10","ARHGDIA"
"cluster_7.11","ARHGDIB"
"cluster_7.12","ARPC2"
"cluster_7.13","ATP1A1"
"cluster_7.14","ATP1B3"
"cluster_7.15","ATP6V1A"
"cluster_7.16","BASP1"
"cluster_7.17","BLVRA"
"cluster_7.18","BSG"
"cluster_7.19","BST2"
"cluster_7.20","C16orf54"
"cluster_7.21","CAB39"
"cluster_7.22","CALR"
"cluster_7.23","CAP1"
"cluster_7.24","CAPG"
"cluster_7.25","CAPN1"
"cluster_7.26","CCT2"
"cluster_7.27","CCT6A"
"cluster_7.28","CCT7"
"cluster_7.29","CD151"
"cluster_7.30","CD44"
"cluster_7.31","CD47"
"cluster_7.32","CD81"
"cluster_7.33","CD82"
"cluster_7.34","CFL1"
"cluster_7.35","CHL1"
"cluster_7.36","CHST11"
"cluster_7.37","CLTC"
"cluster_7.38","CNDP2"
"cluster_7.39","COPB2"
"cluster_7.40","CORO1C"
"cluster_7.41","CSPG4"
"cluster_7.42","CSTB"
"cluster_7.43","DHX9"
"cluster_7.44","DIP2B"
"cluster_7.45","EEF1A1"
"cluster_7.46","EEF1G"
"cluster_7.47","EEF2"
"cluster_7.48","EHD1"
"cluster_7.49","EIF4E"
"cluster_7.50","EIF4G1"
"cluster_7.51","EMILIN2"
"cluster_7.52","EML2"
"cluster_7.53","EPB41L3"
"cluster_7.54","F2"
"cluster_7.55","FAM49B"
"cluster_7.56","FASN"
"cluster_7.57","FDPS"
"cluster_7.58","FERMT3"
"cluster_7.59","FLT3"
"cluster_7.60","GANAB"
"cluster_7.61","GAPDH"
"cluster_7.62","GC"
"cluster_7.63","GDI2"
"cluster_7.64","GLIPR2"
"cluster_7.65","GNAI2"
"cluster_7.66","GNAI3"
"cluster_7.67","GOLGA7"
"cluster_7.68","GRB2"
"cluster_7.69","GSTP1"
"cluster_7.70","HMGB1"
"cluster_7.71","HNRNPK"
"cluster_7.72","HSP90AB1"
"cluster_7.73","HSPA5"
"cluster_7.74","HSPA8"
"cluster_7.75","ICAM1"
"cluster_7.76","ICAM3"
"cluster_7.77","IDH1"
"cluster_7.78","ILF3"
"cluster_7.79","IQGAP1"
"cluster_7.80","ITGA2B"
"cluster_7.81","ITGA4"
"cluster_7.82","ITGA5"
"cluster_7.83","ITGAL"
"cluster_7.84","ITGB1"
"cluster_7.85","ITGB2"
"cluster_7.86","ITGB6"
"cluster_7.87","ITIH3"
"cluster_7.88","KCTD12"
"cluster_7.89","KPNB1"
"cluster_7.90","LMAN2"
"cluster_7.91","MAN2A1"
"cluster_7.92","MDH1"
"cluster_7.93","MYH9"
"cluster_7.94","NCL"
"cluster_7.95","NDRG1"
"cluster_7.96","P4HB"
"cluster_7.97","PAFAH1B1"
"cluster_7.98","PAICS"
"cluster_7.99","PARK7"
"cluster_7.100","PCMT1"
"cluster_7.101","PCNA"
"cluster_7.102","PDCD6IP"
"cluster_7.103","PDIA3"
"cluster_7.104","PECAM1"
"cluster_7.105","PFN1"
"cluster_7.106","PGK1"
"cluster_7.107","PNP"
"cluster_7.108","PPIA"
"cluster_7.109","PPIB"
"cluster_7.110","PRDX1"
"cluster_7.111","PRDX2"
"cluster_7.112","PRDX6"
"cluster_7.113","PSMA5"
"cluster_7.114","PSMA6"
"cluster_7.115","PSMC3"
"cluster_7.116","PSMD13"
"cluster_7.117","PTBP1"
"cluster_7.118","PTGFRN"
"cluster_7.119","PTPN6"
"cluster_7.120","PTPRC"
"cluster_7.121","RAB10"
"cluster_7.122","RAB2A"
"cluster_7.123","RAB7A"
"cluster_7.124","RAC2"
"cluster_7.125","RALA"
"cluster_7.126","RAP1A"
"cluster_7.127","RAP1B"
"cluster_7.128","RAP2B"
"cluster_7.129","RAP2C"
"cluster_7.130","RGN"
"cluster_7.131","RHOG"
"cluster_7.132","RP2"
"cluster_7.133","RPL7"
"cluster_7.134","RPS3"
"cluster_7.135","RTN3"
"cluster_7.136","S100A10"
"cluster_7.137","S100A8"
"cluster_7.138","S100A9"
"cluster_7.139","SCPEP1"
"cluster_7.140","SDCBP"
"cluster_7.141","SEPTIN2"
"cluster_7.142","SEPTIN7"
"cluster_7.143","SERPINB1"
"cluster_7.144","SH3KBP1"
"cluster_7.145","SHC1"
"cluster_7.146","SLC16A3"
"cluster_7.147","SLC1A3"
"cluster_7.148","SLC1A4"
"cluster_7.149","SLC1A5"
"cluster_7.150","SLC2A1"
"cluster_7.151","SLC3A2"
"cluster_7.152","SLC44A1"
"cluster_7.153","SPN"
"cluster_7.154","SPTAN1"
"cluster_7.155","SRGN"
"cluster_7.156","STOM"
"cluster_7.157","SUPT16H"
"cluster_7.158","TAGLN2"
"cluster_7.159","TFRC"
"cluster_7.160","TKT"
"cluster_7.161","TPI1"
"cluster_7.162","TPP2"
"cluster_7.163","TPT1"
"cluster_7.164","TXNL1"
"cluster_7.165","UBE2L3"
"cluster_7.166","VAT1"
"cluster_7.167","VCL"
"cluster_7.168","VCP"
"cluster_7.169","WDR1"
"cluster_7.170","YWHAB"
"cluster_7.171","YWHAG"
"cluster_7.172","YWHAH"
"cluster_7.173","YWHAQ"
"cluster_7.174","YWHAZ"
